Text, href
UFM Key Projects,https://www.ufm.edu/english/
Friends of UFM,https://foufm.org
Donaciones,https://www.ufm.edu/checkout/donaciones/
Contactenos,/Especial:Sugerencias
Admisiones,http://admisiones.ufm.edu/
Alumni,https://alumni.ufm.edu/
Campus Madrid,https://madrid.ufm.edu/?referer=ufm
Redes Sociales,/Redes_Sociales
Estudios,/index.php/Estudios
Facultades,#facultades
Arquitectura,http://arquitectura.ufm.edu
Centro Henry Hazlitt,http://chh.ufm.edu
Ciencias Economicas,http://fce.ufm.edu
Ciencias Sociales,http://escs.ufm.edu
Derecho,http://derecho.ufm.edu
Educacion,http://educacion.ufm.edu
Estudios Politicos y Relaciones Internacionales,http://epri.ufm.edu
Medicina,http://medicina.ufm.edu
Nutricion,http://nutricion.ufm.edu
Odontologia,http://odontologia.ufm.edu
Psicologia,http://psicologia.ufm.edu
Acton MBA,http://actonmba.ufm.edu
Programa de Doctorado,http://doctorado.ufm.edu
Escuela de Cine y Artes Visuales,http://cine.ufm.edu/
Escuela de Negocios,http://en.ufm.edu/
Escuela de Posgrado,http://posgrado.ufm.edu/
Michael Polanyi College,http://mpc.ufm.edu/
Campus Madrid,https://madrid.ufm.edu/
Proyectos,#proyectos
Antigua Forum,http://antiguaforum.ufm.edu
Arboretum,http://arboretum.ufm.edu/
Asociacion de Debates,http://debates.ufm.edu/
Centro Henry Hazlitt,http://chh.ufm.edu
"Dos Historias, Una Ciudad",http://doshistorias.ufm.edu/
Centro para el Analisis de las Deciones Publicas (CADEP),http://cadep.ufm.edu
Centro de Ética David Hume,http://hume.ufm.edu
Centro de Estudio del Capitalismo,http://capitalismo.ufm.edu/
Centro Ibn Khaldun,http://centroik.ufm.edu
Centro Vernon Smith de Economia Experimental,http://fce.ufm.edu/inicio-cvs/
College Freedom Forum At UFM 2019,https://cff.ufm.edu/2019/
Concurso Charles L. Stillman,http://www.stillman.ufm.edu/
Congreso de Economia Austriaca,http://economia-austriaca.ufm.edu/
Evolucion,http://evolucion.ufm.edu/
Finance Research Center,http://frc.ufm.edu/
Global Entrepreneurship Monitor,http://gem.ufm.edu/
Grajeda Mena,https://grajedamena.ufm.edu/
Hayek Freedom's Philosopher,http://www.freedomsphilosopher.ufm.edu/index.php/Main_Page
Henry Hazlitt Archives,http://hazlitt.ufm.edu
Heuristica,http://heuristica.ufm.edu
Jornadas de Investigacion en Humanidades (JIHU),http://jihu.ufm.edu
Kirzner Entrepreneurship Center,http://fce.ufm.edu/kec/centro-de-emprendimiento-kirzner/
Market Trends Es/En,http://trends.ufm.edu/
Mooc Don Quijote Es/En,http://donquijote.ufm.edu/
Mooc La Escuela de Salamanca Es/En,http://salamanca.ufm.edu
Mooc Capitalismo y Socialismo,http://opencourses.ufm.edu/courses/course-v1:Ciencia-Politica+CSESV1+2019/about
Mooc Dictaduras Militares Latinoamericanas,http://opencourses.ufm.edu/courses/course-v1:Estudios-latinoamericanos+DMLES+2019/about
Open Courses,https://opencourses.ufm.edu
Plaza de la Libertad,http://www.plazalibertad.ufm.edu
Pozo Economico,http://pozoeconomico.ufm.edu
Programa ITA,http://ita.ufm.edu
Seminario de Grandes Libros,http://grandeslibros.ufm.edu/
Semilla de Libertad,http://semilladelibertad.ufm.edu/
Sitio Escolastico,http://escolasticos.ufm.edu
TEDxUFM,http://tedx.ufm.edu
The Hayek Interviews,http://hayek.ufm.edu
The Journal of Private Enterprise,http://journal.apee.org
Recursos,#recursos
Alumni,https://alumni.ufm.edu/
Akademeia,http://akademeia.ufm.edu/index.php/P%C3%A1gina_principal
Arboretum,http://arboretum.ufm.edu
Asociacion de Estudiantes,/Asociaciones_Estudiantiles
Biblioteca,http://biblioteca.ufm.edu
Bookstore,http://bookstore.ufm.edu
Calendario Academico 2019,/Calendario_Acad%C3%A9mico_2019
CETA,http://www.ceta.ufm.edu
Creative Commons,http://gt.creativecommons.org
Credito Educativo,/Cr%C3%A9dito_Educativo
Cronica,http://cronica.ufm.edu/
Directorio,/Directorio
Eventos,http://asomate.ufm.edu/
Formacion Continua,https://formacioncontinua.ufm.edu
Graduaciones,http://graduacion.ufm.edu
Heroes,http://heroes.ufm.edu
Laissez Faire,http://laissezfaire.ufm.edu/
Mapa Campus,/Mapa_Campus
New Media,http://newmedia.ufm.edu
PovertyCure,http://www.povertycure.org/
Tarifario 2019,/Tarifario_2019
Wiki diccionario,http://wiki.ufm.edu/chh/index.php/Portada
Blogs,#blogs
¿A quien pertenece el pasado?,http://www.exploraciones.ufm.edu/blog/
Centro para el Analisis de las Decisiones Publicas (CADEP),http://www.cadep.ufm.edu/blog/
Cronica,http://www.cronica.ufm.edu/blog/
El Foro y el Bazar,http://bazar.ufm.edu/
Erasmus,http://erasmus.ufm.edu/
Libro Libertate,http://librolibertate.wordpress.com/
Natural Order,http://naturalorder.ufm.edu/
Pensar es Crecer,https://escs.ufm.edu/pensarescrecer/
Praxis & Lexis,http://posgrado.ufm.edu/blog/
Recetas y Salud,http://nutricion.ufm.edu/blog/
Cultura,#cultura
Atlas Libertas,http://www.atlaslibertas.ufm.edu/
Casa Popenoe,http://casapopenoe.ufm.edu/
Departamento de Artes Escenicas,http://conciertos.ufm.edu/
Eventos,http://asomate.ufm.edu/
Lienzo Quauhquechollan,http://lienzo.ufm.edu/
Mooc Don Quijote Espanol,http://donquijote.ufm.edu/
Mooc Don Quijote Ingles,http://donquijote.ufm.edu/en
Museo Popol Vuh,http://www.popolvuh.ufm.edu
UFM,#ufm
Alianzas,/Alianzas
Cuarenta anos 1 mision,http://cuarenta.ufm.edu
Discurso Inaugural Manuel F. Ayau,/Discurso_Inaugural
Discurso del rector Fernando Monterroso,https://www.ufm.edu/images/7/71/DiscursoInauguralLicMonterroso.pdf
Discurso del rector Giancarlo Ibargüen,https://www.ufm.edu/images/2/2e/DiscursoInauguralGiancarloIbarguen.pdf
Discurso del rector Gabriel Calzada,https://www.ufm.edu/images/0/0e/DiscursoInauguralDrGabrielCalzada.pdf
Doctorados Honoris Causa,/Doctorados_Honoris_Causa
Evolucion,http://evolucion.ufm.edu
Excelencia,https://www.ufm.edu/images/d/d5/Excelencia.pdf
Fiduciarios,http://fiduciarios.ufm.edu/
Himno,/Himno
Ideario,/Ideario
Informe Financiero,/Informe_Financiero
Linea del tiempo,http://cuarenta.ufm.edu/index.php/Linea_del_Tiempo
Manuel F. Ayau,http://muso.ufm.edu
¿Por que la UFM?,http://newmedia.ufm.edu/coleccion/proceso-economico-por-el-dr-manuel-ayau/por-que-la-ufm/
Reglamentos,/Reglamentos
Semblanza y Loa de Francisco,https://www.ufm.edu/images/0/0e/Loa_Fco_Marroquin.pdf
Tradiciones,/Tradiciones_UFM
Tarifario 2019,/Tarifario_2019
Valores,/Valores
Virtudes,/Virtudes
,/index.php/
Estudios,/Estudios
,/index.php/
,
Arquitectura,http://arquitectura.ufm.edu
Centro Henry Hazlitt,http://chh.ufm.edu
Ciencias Economicas,http://fce.ufm.edu
Ciencias Sociales,http://escs.ufm.edu
Derecho,http://derecho.ufm.edu
Educacion,http://educacion.ufm.edu
Estudios Politicos y Relaciones Internacionales,http://epri.ufm.edu
Medicina,http://medicina.ufm.edu
Nutricion,http://nutricion.ufm.edu
Odontologia,http://odontologia.ufm.edu
Psicologia,http://psicologia.ufm.edu
Acton MBA,http://actonmba.ufm.edu
Programa de Doctorado,http://doctorado.ufm.edu
Escuela de Cine y Artes Visuales,http://cine.ufm.edu/
Escuela de Negocios,http://en.ufm.edu/
Escuela de Posgrado,http://posgrado.ufm.edu/
Michael Polanyi College,http://mpc.ufm.edu/
Campus Madrid,https://madrid.ufm.edu/
Antigua Forum,http://antiguaforum.ufm.edu
Arboretum,http://arboretum.ufm.edu/
Asociacion de Debates,http://debates.ufm.edu/
Centro Henry Hazlitt,http://chh.ufm.edu
"Dos Historias, Una Ciudad",http://doshistorias.ufm.edu/
Centro para el Analisis de las Deciones Publicas (CADEP),http://cadep.ufm.edu
Centro de Ética David Hume,http://hume.ufm.edu
Centro de Estudio del Capitalismo,http://capitalismo.ufm.edu/
Centro Ibn Khaldun,http://centroik.ufm.edu
Centro Vernon Smith de Economia Experimental,http://fce.ufm.edu/inicio-cvs/
College Freedom Forum At UFM 2019,https://cff.ufm.edu/2019/
Concurso Charles L. Stillman,http://www.stillman.ufm.edu/
Congreso de Economia Austriaca,http://economia-austriaca.ufm.edu/
Evolucion,http://evolucion.ufm.edu/
Finance Research Center,http://frc.ufm.edu/
Global Entrepreneurship Monitor,http://gem.ufm.edu/
Grajeda Mena,https://grajedamena.ufm.edu/
Hayek Freedom's Philosopher,http://www.freedomsphilosopher.ufm.edu/index.php/Main_Page
Henry Hazlitt Archives,http://hazlitt.ufm.edu
Heuristica,http://heuristica.ufm.edu
Jornadas de Investigacion en Humanidades (JIHU),http://jihu.ufm.edu
Kirzner Entrepreneurship Center,http://fce.ufm.edu/kec/centro-de-emprendimiento-kirzner/
Market Trends Es/En,http://trends.ufm.edu/
Mooc Don Quijote Es/En,http://donquijote.ufm.edu/
Mooc La Escuela de Salamanca Es/En,http://salamanca.ufm.edu
Mooc Capitalismo y Socialismo,http://opencourses.ufm.edu/courses/course-v1:Ciencia-Politica+CSESV1+2019/about
Mooc Dictaduras Militares Latinoamericanas,http://opencourses.ufm.edu/courses/course-v1:Estudios-latinoamericanos+DMLES+2019/about
Open Courses,https://opencourses.ufm.edu
Plaza de la Libertad,http://www.plazalibertad.ufm.edu
Pozo Economico,http://pozoeconomico.ufm.edu
Programa ITA,http://ita.ufm.edu
Seminario de Grandes Libros,http://grandeslibros.ufm.edu/
Semilla de Libertad,http://semilladelibertad.ufm.edu/
Sitio Escolastico,http://escolasticos.ufm.edu
TEDxUFM,http://tedx.ufm.edu
The Hayek Interviews,http://hayek.ufm.edu
The Journal of Private Enterprise,http://journal.apee.org
Alumni,https://alumni.ufm.edu/
Akademeia,http://akademeia.ufm.edu/index.php/P%C3%A1gina_principal
Arboretum,http://arboretum.ufm.edu
Asociacion de Estudiantes,/Asociaciones_Estudiantiles
Biblioteca,http://biblioteca.ufm.edu
Bookstore,http://bookstore.ufm.edu
Calendario Academico 2019,/Calendario_Acad%C3%A9mico_2019
CETA,http://www.ceta.ufm.edu
Creative Commons,http://gt.creativecommons.org
Credito Educativo,/Cr%C3%A9dito_Educativo
Cronica,http://cronica.ufm.edu/
Directorio,/Directorio
Eventos,http://asomate.ufm.edu/
Formacion Continua,https://formacioncontinua.ufm.edu
Graduaciones,http://graduacion.ufm.edu
Heroes,http://heroes.ufm.edu
Laissez Faire,http://laissezfaire.ufm.edu/
Mapa Campus,/Mapa_Campus
New Media,http://newmedia.ufm.edu
PovertyCure,http://www.povertycure.org/
Tarifario 2019,/Tarifario_2019
Wiki diccionario,http://wiki.ufm.edu/chh/index.php/Portada
¿A quien pertenece el pasado?,http://www.exploraciones.ufm.edu/blog/
Centro para el Analisis de las Decisiones Publicas (CADEP),http://www.cadep.ufm.edu/blog/
Cronica,http://www.cronica.ufm.edu/blog/
El Foro y el Bazar,http://bazar.ufm.edu/
Erasmus,http://erasmus.ufm.edu/
Libro Libertate,http://librolibertate.wordpress.com/
Natural Order,http://naturalorder.ufm.edu/
Pensar es Crecer,https://escs.ufm.edu/pensarescrecer/
Praxis & Lexis,http://posgrado.ufm.edu/blog/
Recetas y Salud,http://nutricion.ufm.edu/blog/
Atlas Libertas,http://www.atlaslibertas.ufm.edu/
Casa Popenoe,http://casapopenoe.ufm.edu/
Departamento de Artes Escenicas,http://conciertos.ufm.edu/
Eventos,http://asomate.ufm.edu/
Lienzo Quauhquechollan,http://lienzo.ufm.edu/
Mooc Don Quijote Espanol,http://donquijote.ufm.edu/
Mooc Don Quijote Ingles,http://donquijote.ufm.edu/en
Museo Popol Vuh,http://www.popolvuh.ufm.edu
Alianzas,/Alianzas
Cuarenta anos 1 mision,http://cuarenta.ufm.edu
Discurso Inaugural Manuel F. Ayau,/Discurso_Inaugural
Discurso del rector Fernando Monterroso,https://www.ufm.edu/images/7/71/DiscursoInauguralLicMonterroso.pdf
Discurso del rector Giancarlo Ibargüen,https://www.ufm.edu/images/2/2e/DiscursoInauguralGiancarloIbarguen.pdf
Discurso del rector Gabriel Calzada,https://www.ufm.edu/images/0/0e/DiscursoInauguralDrGabrielCalzada.pdf
Doctorados Honoris Causa,/Doctorados_Honoris_Causa
Evolucion,http://evolucion.ufm.edu
Excelencia,https://www.ufm.edu/images/d/d5/Excelencia.pdf
Fiduciarios,http://fiduciarios.ufm.edu/
Himno,/Himno
Ideario,/Ideario
Informe Financiero,/Informe_Financiero
Linea del tiempo,http://cuarenta.ufm.edu/index.php/Linea_del_Tiempo
Manuel F. Ayau,http://muso.ufm.edu
¿Por que la UFM?,http://newmedia.ufm.edu/coleccion/proceso-economico-por-el-dr-manuel-ayau/por-que-la-ufm/
Reglamentos,/Reglamentos
Semblanza y Loa de Francisco,https://www.ufm.edu/images/0/0e/Loa_Fco_Marroquin.pdf
Tradiciones,/Tradiciones_UFM
Tarifario 2019,/Tarifario_2019
Valores,/Valores
Virtudes,/Virtudes
UFMail,https://accounts.google.com/o/oauth2/auth?response_type=code&access_type=online&client_id=753553871119-42rgfeitjhbrq449nj1906662pupr1j0.apps.googleusercontent.com&redirect_uri=https%3A%2F%2Fwww.ufm.edu%2Fautenticacion%2Foauth2_init.php&state=32c9ba685d84c428a52cc5eea281890e&scope=https%3A%2F%2Fwww.googleapis.com%2Fauth%2Fuserinfo.email&approval_prompt=auto&hd=ufm.edu
MiU,https://accounts.google.com/o/oauth2/auth?response_type=code&access_type=offline&client_id=514583071787-mcsoogoa3kb7v56n7r78obvusehc81br.apps.googleusercontent.com&redirect_uri=https%3A%2F%2Fmiu.ufm.edu%2Findex.php&state=da779b11616cc40edf08872d045f5965&scope=https%3A%2F%2Fwww.googleapis.com%2Fauth%2Fuserinfo.email&approval_prompt=force&hd=ufm.edu&login_hint=ejemplo%40ufm.edu
UFM Key Projects,https://www.ufm.edu/english/
Friends of UFM,https://foufm.org
Donaciones,https://www.ufm.edu/checkout/donaciones/
Contactenos,/Especial:Sugerencias
Admisiones,http://admisiones.ufm.edu/
Alumni,https://alumni.ufm.edu/
Campus Madrid,https://madrid.ufm.edu/?referer=ufm
Redes Sociales,/Redes_Sociales
El Amigo de la Marro,https://noticias.ufm.edu
,https://noticias.ufm.edu/ven-a-vivir-la-ufm/
,https://noticias.ufm.edu/village-school-y-colegio-aleman-campeones-del-torneo-interescolar-de-debate/
,https://noticias.ufm.edu/steffan-lehnoff-participara-en-el-national-leadership-forum/
¡Ven a vivir la UFM!,https://noticias.ufm.edu/ven-a-vivir-la-ufm/
"Village School y Colegio Aleman, campeones del Torneo Interescolar de Debate",https://noticias.ufm.edu/village-school-y-colegio-aleman-campeones-del-torneo-interescolar-de-debate/
Steffan Lehnhoff participara en el National Leadership Forum,https://noticias.ufm.edu/steffan-lehnoff-participara-en-el-national-leadership-forum/
Eventos,https://asomate.ufm.edu
,https://asomate.ufm.edu/event/curso-libre-conceptos-clave-pensamiento-tocqueville/
,https://asomate.ufm.edu/event/las-mujeres-arte-guatemalteco/
,https://asomate.ufm.edu/event/1615/
Curso libre: Conceptos Clave en el Pensamiento de Tocqueville,https://asomate.ufm.edu/event/curso-libre-conceptos-clave-pensamiento-tocqueville/
Las Mujeres en el Arte Guatemalteco,https://asomate.ufm.edu/event/las-mujeres-arte-guatemalteco/
Cursos libres: Historia del Arte Moderno,https://asomate.ufm.edu/event/1615/
Newmedia,https://newmedia.ufm.edu
,https://newmedia.ufm.edu/video/ricardo-gomes-oportunidades-para-la-politica-liberal-en-brasil/
,https://newmedia.ufm.edu/video/first-tuesday-ufm-el-arte-del-buen-vestir/
,https://newmedia.ufm.edu/video/homenaje-especial-en-honor-de-armando-de-la-torre/
"Ricardo Gomes, oportunidades para la politica liberal en Brasil",https://newmedia.ufm.edu/video/ricardo-gomes-oportunidades-para-la-politica-liberal-en-brasil/
First Tuesday UFM: El arte del buen vestir,https://newmedia.ufm.edu/video/first-tuesday-ufm-el-arte-del-buen-vestir/
Homenaje especial en honor de Armando de la Torre,https://newmedia.ufm.edu/video/homenaje-especial-en-honor-de-armando-de-la-torre/
UFM en medios,https://noticias.ufm.edu/category/UFM-medios/
,https://noticias.ufm.edu/bronzelens-film-festival-selecciono-cortometraje-de-pedro-pablo-herrera/
,https://noticias.ufm.edu/luis-zelaya-the-lawyer-magazine/
,https://noticias.ufm.edu/cosmides-tooby-recibieron-doctorados-honorificos-la-ufm/
BronzeLens Film Festival selecciono cortometraje de Pedro Pablo Herrera,https://noticias.ufm.edu/bronzelens-film-festival-selecciono-cortometraje-de-pedro-pablo-herrera/
Luis Zelaya en The Lawyer Magazine,https://noticias.ufm.edu/luis-zelaya-the-lawyer-magazine/
Cosmides y Tooby recibieron doctorados honorificos en la UFM,https://noticias.ufm.edu/cosmides-tooby-recibieron-doctorados-honorificos-la-ufm/
"Calle Manuel F. Ayau (6 Calle final), zona 10",#myModal
(+502) 2338-7700,tel:+50223387700
inf@ufm.edu,mailto:inf@ufm.edu
webmaster@ufm.edu,mailto:webmaster@ufm.edu
,http://www.linkedin.com/edu/school?id=12868&trk=tyah&trkInfo=tas%3Auniversidad%20francisco%20marroqu%EDn%2Cidx%3A3-1-4
,https://www.facebook.com/UFMedu
,https://twitter.com/ufmedu
,https://plus.google.com/u/0/+UFMedu/posts
,http://www.youtube.com/user/newmediaufm?feature=watch
,http://www.pinterest.com/ufmedu/boards/
,#
Facebook,http://www.facebook.com/sharer.php?u=https://ww1.ufm.edu/&t=Universidad%20Francisco%20Marroquín
Twitter,"http://twitter.com/home?status=Universidad%20Francisco%20Marroquín,%20https://ww1.ufm.edu/"
Linkedin,http://www.linkedin.com/shareArticle?mini=true&url=https://ww1.ufm.edu&title=Universidad%20Francisco%20Marroqu%C3%ADn
,#
CC: BY-NC-SA,http://creativecommons.org/licenses/by-nc-sa/3.0/gt/
Aviso Legal,https://www.ufm.edu/Aviso_Legal
Politica de cookies,https://www.ufm.edu/Política_de_Cookies
Politica de privacidad,https://www.ufm.edu/Políticas_de_privacidad
Online Chat,http://www.providesupport.com?messenger=ufmmiu
"Calle Manuel F. Ayau (6 Calle final), zona 10",#myModal
inf@ufm.edu,mailto:inf@ufm.edu
webmaster@ufm.edu,mailto:webmaster@ufm.edu
,http://www.linkedin.com/edu/school?id=12868&trk=tyah&trkInfo=tas%3Auniversidad%20francisco%20marroqu%EDn%2Cidx%3A3-1-4
,https://www.facebook.com/UFMedu
,https://twitter.com/ufmedu
,http://www.youtube.com/user/newmediaufm?feature=watch
,http://www.pinterest.com/ufmedu/boards/
,#
Facebook,http://www.facebook.com/sharer.php?u=https://www.ufm.edu/index.php/Portal&t=Portal
Twitter,"http://twitter.com/home?status=Portal,%20https://www.ufm.edu/index.php/Portal"
Linkedin,http://www.linkedin.com/shareArticle?mini=true&url=https://www.ufm.edu&title=Universidad%20Francisco%20Marroqu%C3%ADn
Online Chat,http://www.providesupport.com?messenger=ufmmiu
,#
Mapa del campus,https://www.ufm.edu/index.php/Mapa_Campus
CC: BY-NC-SA,http://creativecommons.org/licenses/by-nc-sa/3.0/gt/
Aviso Legal,https://www.ufm.edu/Aviso_Legal
Politica de cookies,https://www.ufm.edu/Política_de_Cookies
Politica de privacidad,https://www.ufm.edu/Políticas_de_privacidad
,https://www.ufm.edu/index.php/Mapa_Campus
